[
  {
    "name": "rice",
    "category": "Common",
    "nutritionalContent": {
      "protein": 5,
      "carbohydrates": 15,
      "calories": 100,
      "fiber": 2,
      "fat": 2
    },
    "servingSize": 100,
    "additionalNutrients": {
      "saturatedFat": 0.5,
      "sodium": 50,
      "potassium": 200,
      "cholesterol": 0,
      "sugar": 5
    }
  },
  {
    "name": "bread",
    "category": "Common",
    "nutritionalContent": {
      "protein": 5,
      "carbohydrates": 15,
      "calories": 100,
      "fiber": 2,
      "fat": 2
    },
    "servingSize": 100,
    "additionalNutrients": {
      "saturatedFat": 0.5,
      "sodium": 50,
      "potassium": 200,
      "cholesterol": 0,
      "sugar": 5
    }
  },
  {
    "name": "pasta",
    "category": "Common",
    "nutritionalContent": {
      "protein": 5,
      "carbohydrates": 15,
      "calories": 100,
      "fiber": 2,
      "fat": 2
    },
    "servingSize": 100,
    "additionalNutrients": {
      "saturatedFat": 0.5,
      "sodium": 50,
      "potassium": 200,
      "cholesterol": 0,
      "sugar": 5
    }
  },
  {
    "name": "potato",
    "category": "Common",
    "nutritionalContent": {
      "protein": 5,
      "carbohydrates": 15,
      "calories": 100,
      "fiber": 2,
      "fat": 2
    },
    "servingSize": 100,
    "additionalNutrients": {
      "saturatedFat": 0.5,
      "sodium": 50,
      "potassium": 200,
      "cholesterol": 0,
      "sugar": 5
    }
  },
  {
    "name": "tomato",
    "category": "Common",
    "nutritionalContent": {
      "protein": 1.8,
      "carbohydrates": 10.9,
      "calories": 31.3,
      "fiber": 2.8,
      "fat": 0.4
    },
    "servingSize": 100,
    "additionalNutrients": {
      "saturatedFat": 0.5,
      "sodium": 50,
      "potassium": 200,
      "cholesterol": 0,
      "sugar": 5
    }
  },
  {
    "name": "onion",
    "category": "Common",
    "nutritionalContent": {
      "protein": 5,
      "carbohydrates": 15,
      "calories": 100,
      "fiber": 2,
      "fat": 2
    },
    "servingSize": 100,
    "additionalNutrients": {
      "saturatedFat": 0.5,
      "sodium": 50,
      "potassium": 200,
      "cholesterol": 0,
      "sugar": 5
    }
  },
  {
    "name": "carrot",
    "category": "Common",
    "nutritionalContent": {
      "protein": 1.5,
      "carbohydrates": 5.2,
      "calories": 30.7,
      "fiber": 5.3,
      "fat": 0.5
    },
    "servingSize": 100,
    "additionalNutrients": {
      "saturatedFat": 0.5,
      "sodium": 50,
      "potassium": 200,
      "cholesterol": 0,
      "sugar": 5
    }
  },
  {
    "name": "broccoli",
    "category": "Common",
    "nutritionalContent": {
      "protein": 2.8,
      "carbohydrates": 7.6,
      "calories": 67.1,
      "fiber": 4.3,
      "fat": 0.3
    },
    "servingSize": 100,
    "additionalNutrients": {
      "saturatedFat": 0.5,
      "sodium": 50,
      "potassium": 200,
      "cholesterol": 0,
      "sugar": 5
    }
  },
  {
    "name": "spinach",
    "category": "Common",
    "nutritionalContent": {
      "protein": 1.4,
      "carbohydrates": 8.2,
      "calories": 51,
      "fiber": 4.9,
      "fat": 0.6
    },
    "servingSize": 100,
    "additionalNutrients": {
      "saturatedFat": 0.5,
      "sodium": 50,
      "potassium": 200,
      "cholesterol": 0,
      "sugar": 5
    }
  },
  {
    "name": "lettuce",
    "category": "Common",
    "nutritionalContent": {
      "protein": 5,
      "carbohydrates": 15,
      "calories": 100,
      "fiber": 2,
      "fat": 2
    },
    "servingSize": 100,
    "additionalNutrients": {
      "saturatedFat": 0.5,
      "sodium": 50,
      "potassium": 200,
      "cholesterol": 0,
      "sugar": 5
    }
  },
  {
    "name": "apple",
    "category": "Common",
    "nutritionalContent": {
      "protein": 1,
      "carbohydrates": 24.3,
      "calories": 101.6,
      "fiber": 2.8,
      "fat": 0.6
    },
    "servingSize": 100,
    "additionalNutrients": {
      "saturatedFat": 0.5,
      "sodium": 50,
      "potassium": 200,
      "cholesterol": 0,
      "sugar": 19.1
    }
  },
  {
    "name": "banana",
    "category": "Common",
    "nutritionalContent": {
      "protein": 1.5,
      "carbohydrates": 26.5,
      "calories": 104.5,
      "fiber": 3.1,
      "fat": 0.7
    },
    "servingSize": 100,
    "additionalNutrients": {
      "saturatedFat": 0.5,
      "sodium": 50,
      "potassium": 200,
      "cholesterol": 0,
      "sugar": 16.1
    }
  },
  {
    "name": "orange",
    "category": "Common",
    "nutritionalContent": {
      "protein": 2,
      "carbohydrates": 25.8,
      "calories": 114.1,
      "fiber": 4.3,
      "fat": 0.2
    },
    "servingSize": 100,
    "additionalNutrients": {
      "saturatedFat": 0.5,
      "sodium": 50,
      "potassium": 200,
      "cholesterol": 0,
      "sugar": 10.8
    }
  },
  {
    "name": "grape",
    "category": "Common",
    "nutritionalContent": {
      "protein": 5,
      "carbohydrates": 15,
      "calories": 100,
      "fiber": 2,
      "fat": 2
    },
    "servingSize": 100,
    "additionalNutrients": {
      "saturatedFat": 0.5,
      "sodium": 50,
      "potassium": 200,
      "cholesterol": 0,
      "sugar": 5
    }
  },
  {
    "name": "strawberry",
    "category": "Common",
    "nutritionalContent": {
      "protein": 1.4,
      "carbohydrates": 27.4,
      "calories": 92.8,
      "fiber": 3.7,
      "fat": 0.5
    },
    "servingSize": 100,
    "additionalNutrients": {
      "saturatedFat": 0.5,
      "sodium": 50,
      "potassium": 200,
      "cholesterol": 0,
      "sugar": 13.8
    }
  },
  {
    "name": "milk",
    "category": "Common",
    "nutritionalContent": {
      "protein": 19.3,
      "carbohydrates": 8.4,
      "calories": 152.1,
      "fiber": 2,
      "fat": 14.3
    },
    "servingSize": 100,
    "additionalNutrients": {
      "saturatedFat": 0.5,
      "sodium": 50,
      "potassium": 200,
      "cholesterol": 0,
      "sugar": 5
    }
  },
  {
    "name": "cheese",
    "category": "Common",
    "nutritionalContent": {
      "protein": 17.1,
      "carbohydrates": 9.6,
      "calories": 162,
      "fiber": 2,
      "fat": 6.3
    },
    "servingSize": 100,
    "additionalNutrients": {
      "saturatedFat": 0.5,
      "sodium": 50,
      "potassium": 200,
      "cholesterol": 0,
      "sugar": 5
    }
  },
  {
    "name": "yogurt",
    "category": "Common",
    "nutritionalContent": {
      "protein": 18.9,
      "carbohydrates": 11.5,
      "calories": 198.9,
      "fiber": 2,
      "fat": 8.5
    },
    "servingSize": 100,
    "additionalNutrients": {
      "saturatedFat": 0.5,
      "sodium": 50,
      "potassium": 200,
      "cholesterol": 0,
      "sugar": 5
    }
  },
  {
    "name": "butter",
    "category": "Common",
    "nutritionalContent": {
      "protein": 18.5,
      "carbohydrates": 15,
      "calories": 266.4,
      "fiber": 4.5,
      "fat": 26.5
    },
    "servingSize": 100,
    "additionalNutrients": {
      "saturatedFat": 0.5,
      "sodium": 50,
      "potassium": 200,
      "cholesterol": 0,
      "sugar": 5
    }
  },
  {
    "name": "egg",
    "category": "Common",
    "nutritionalContent": {
      "protein": 5,
      "carbohydrates": 15,
      "calories": 100,
      "fiber": 2,
      "fat": 2
    },
    "servingSize": 100,
    "additionalNutrients": {
      "saturatedFat": 0.5,
      "sodium": 50,
      "potassium": 200,
      "cholesterol": 0,
      "sugar": 5
    }
  },
  {
    "name": "chicken",
    "category": "Common",
    "nutritionalContent": {
      "protein": 26.4,
      "carbohydrates": 0,
      "calories": 258.5,
      "fiber": 2,
      "fat": 12.5
    },
    "servingSize": 100,
    "additionalNutrients": {
      "saturatedFat": 0.5,
      "sodium": 50,
      "potassium": 200,
      "cholesterol": 78.7,
      "sugar": 5
    }
  },
  {
    "name": "beef",
    "category": "Common",
    "nutritionalContent": {
      "protein": 34.8,
      "carbohydrates": 0,
      "calories": 201.7,
      "fiber": 2,
      "fat": 18.9
    },
    "servingSize": 100,
    "additionalNutrients": {
      "saturatedFat": 0.5,
      "sodium": 50,
      "potassium": 200,
      "cholesterol": 74.7,
      "sugar": 5
    }
  },
  {
    "name": "pork",
    "category": "Common",
    "nutritionalContent": {
      "protein": 25.3,
      "carbohydrates": 0,
      "calories": 295.7,
      "fiber": 2,
      "fat": 18.6
    },
    "servingSize": 100,
    "additionalNutrients": {
      "saturatedFat": 0.5,
      "sodium": 50,
      "potassium": 200,
      "cholesterol": 51.7,
      "sugar": 5
    }
  },
  {
    "name": "fish",
    "category": "Common",
    "nutritionalContent": {
      "protein": 27.6,
      "carbohydrates": 0,
      "calories": 293.3,
      "fiber": 2,
      "fat": 12.1
    },
    "servingSize": 100,
    "additionalNutrients": {
      "saturatedFat": 0.5,
      "sodium": 50,
      "potassium": 200,
      "cholesterol": 80,
      "sugar": 5
    }
  },
  {
    "name": "shrimp",
    "category": "Common",
    "nutritionalContent": {
      "protein": 5,
      "carbohydrates": 15,
      "calories": 100,
      "fiber": 2,
      "fat": 2
    },
    "servingSize": 100,
    "additionalNutrients": {
      "saturatedFat": 0.5,
      "sodium": 50,
      "potassium": 200,
      "cholesterol": 0,
      "sugar": 5
    }
  },
  {
    "name": "beans",
    "category": "Common",
    "nutritionalContent": {
      "protein": 21,
      "carbohydrates": 23.8,
      "calories": 178.8,
      "fiber": 6.1,
      "fat": 2
    },
    "servingSize": 100,
    "additionalNutrients": {
      "saturatedFat": 0.5,
      "sodium": 50,
      "potassium": 200,
      "cholesterol": 0,
      "sugar": 5
    }
  },
  {
    "name": "lentils",
    "category": "Common",
    "nutritionalContent": {
      "protein": 15.9,
      "carbohydrates": 22.5,
      "calories": 156,
      "fiber": 5.1,
      "fat": 2
    },
    "servingSize": 100,
    "additionalNutrients": {
      "saturatedFat": 0.5,
      "sodium": 50,
      "potassium": 200,
      "cholesterol": 0,
      "sugar": 5
    }
  },
  {
    "name": "tofu",
    "category": "Common",
    "nutritionalContent": {
      "protein": 21,
      "carbohydrates": 22.3,
      "calories": 170.4,
      "fiber": 8.2,
      "fat": 2
    },
    "servingSize": 100,
    "additionalNutrients": {
      "saturatedFat": 0.5,
      "sodium": 50,
      "potassium": 200,
      "cholesterol": 0,
      "sugar": 5
    }
  },
  {
    "name": "nuts",
    "category": "Common",
    "nutritionalContent": {
      "protein": 12,
      "carbohydrates": 15,
      "calories": 348.6,
      "fiber": 4.6,
      "fat": 19.1
    },
    "servingSize": 100,
    "additionalNutrients": {
      "saturatedFat": 0.5,
      "sodium": 50,
      "potassium": 200,
      "cholesterol": 0,
      "sugar": 5
    }
  },
  {
    "name": "seeds",
    "category": "Common",
    "nutritionalContent": {
      "protein": 19.8,
      "carbohydrates": 15,
      "calories": 254.8,
      "fiber": 3.6,
      "fat": 17.3
    },
    "servingSize": 100,
    "additionalNutrients": {
      "saturatedFat": 0.5,
      "sodium": 50,
      "potassium": 200,
      "cholesterol": 0,
      "sugar": 5
    }
  },
  {
    "name": "olive oil",
    "category": "Common",
    "nutritionalContent": {
      "protein": 5,
      "carbohydrates": 15,
      "calories": 100,
      "fiber": 2,
      "fat": 2
    },
    "servingSize": 100,
    "additionalNutrients": {
      "saturatedFat": 0.5,
      "sodium": 50,
      "potassium": 200,
      "cholesterol": 0,
      "sugar": 5
    }
  },
  {
    "name": "sugar",
    "category": "Common",
    "nutritionalContent": {
      "protein": 5,
      "carbohydrates": 15,
      "calories": 100,
      "fiber": 2,
      "fat": 2
    },
    "servingSize": 100,
    "additionalNutrients": {
      "saturatedFat": 0.5,
      "sodium": 50,
      "potassium": 200,
      "cholesterol": 0,
      "sugar": 5
    }
  },
  {
    "name": "salt",
    "category": "Common",
    "nutritionalContent": {
      "protein": 5,
      "carbohydrates": 15,
      "calories": 100,
      "fiber": 2,
      "fat": 2
    },
    "servingSize": 100,
    "additionalNutrients": {
      "saturatedFat": 0.5,
      "sodium": 50,
      "potassium": 200,
      "cholesterol": 0,
      "sugar": 5
    }
  },
  {
    "name": "pepper",
    "category": "Common",
    "nutritionalContent": {
      "protein": 5,
      "carbohydrates": 15,
      "calories": 100,
      "fiber": 2,
      "fat": 2
    },
    "servingSize": 100,
    "additionalNutrients": {
      "saturatedFat": 0.5,
      "sodium": 50,
      "potassium": 200,
      "cholesterol": 0,
      "sugar": 5
    }
  },
  {
    "name": "garlic",
    "category": "Common",
    "nutritionalContent": {
      "protein": 5,
      "carbohydrates": 15,
      "calories": 100,
      "fiber": 2,
      "fat": 2
    },
    "servingSize": 100,
    "additionalNutrients": {
      "saturatedFat": 0.5,
      "sodium": 50,
      "potassium": 200,
      "cholesterol": 0,
      "sugar": 5
    }
  },
  {
    "name": "ginger",
    "category": "Common",
    "nutritionalContent": {
      "protein": 5,
      "carbohydrates": 15,
      "calories": 100,
      "fiber": 2,
      "fat": 2
    },
    "servingSize": 100,
    "additionalNutrients": {
      "saturatedFat": 0.5,
      "sodium": 50,
      "potassium": 200,
      "cholesterol": 0,
      "sugar": 5
    }
  },
  {
    "name": "corn",
    "category": "Common",
    "nutritionalContent": {
      "protein": 5,
      "carbohydrates": 15,
      "calories": 100,
      "fiber": 2,
      "fat": 2
    },
    "servingSize": 100,
    "additionalNutrients": {
      "saturatedFat": 0.5,
      "sodium": 50,
      "potassium": 200,
      "cholesterol": 0,
      "sugar": 5
    }
  },
  {
    "name": "peas",
    "category": "Common",
    "nutritionalContent": {
      "protein": 5,
      "carbohydrates": 15,
      "calories": 100,
      "fiber": 2,
      "fat": 2
    },
    "servingSize": 100,
    "additionalNutrients": {
      "saturatedFat": 0.5,
      "sodium": 50,
      "potassium": 200,
      "cholesterol": 0,
      "sugar": 5
    }
  },
  {
    "name": "mushroom",
    "category": "Common",
    "nutritionalContent": {
      "protein": 5,
      "carbohydrates": 15,
      "calories": 100,
      "fiber": 2,
      "fat": 2
    },
    "servingSize": 100,
    "additionalNutrients": {
      "saturatedFat": 0.5,
      "sodium": 50,
      "potassium": 200,
      "cholesterol": 0,
      "sugar": 5
    }
  },
  {
    "name": "avocado",
    "category": "Common",
    "nutritionalContent": {
      "protein": 5,
      "carbohydrates": 15,
      "calories": 100,
      "fiber": 2,
      "fat": 2
    },
    "servingSize": 100,
    "additionalNutrients": {
      "saturatedFat": 0.5,
      "sodium": 50,
      "potassium": 200,
      "cholesterol": 0,
      "sugar": 5
    }
  }
]