{
  "rice flakes": "IND0001",
  "rice, raw, brown": "IND0002",
  "rice, parboiled, milled": "IND0003",
  "rice, raw, milled": "IND0004",
  "rice puffed": "IND0005",
  "rice bran oil": "IND0006",
  "wheat, semolina": "IND0007",
  "wheat, bulgur": "IND0008",
  "wheat, whole": "IND0009",
  "wheat, vermicelli": "IND0010",
  "wheat, vermicelli, roasted": "IND0011",
  "wheat flour, refined": "IND0012",
  "wheat flour, atta": "IND0013",
  "lentil dal": "IND0014",
  "bengal gram, dal": "IND0015",
  "red gram, dal": "IND0016",
  "green gram, dal": "IND0017",
  "black gram, dal": "IND0018",
  "lentil whole, brown": "IND0019",
  "lentil whole, yellowish": "IND0020",
  "black gram, whole": "IND0021",
  "moth bean": "IND0022",
  "red gram, whole": "IND0023",
  "peas, dry": "IND0024",
  "field bean, black": "IND0025",
  "soya bean, brown": "IND0026",
  "soya bean, white": "IND0027",
  "green gram, whole": "IND0028",
  "chicken, poultry, leg, skinless": "IND0029",
  "chicken, poultry, thigh, skinless": "IND0030",
  "chicken, poultry, breast, skinless": "IND0031",
  "chicken, poultry, wing, skinless": "IND0032",
  "chicken mushroom, fresh": "IND0033",
  "poultry, chicken, liver": "IND0034",
  "poultry, chicken, gizzard": "IND0035",
  "egg, poultry, omlet": "IND0036",
  "egg, poultry, whole, raw": "IND0037",
  "egg, poultry, white, raw": "IND0038",
  "egg, poultry, yolk, raw": "IND0039",
  "egg, poultry, whole, boiled": "IND0040",
  "egg, poultry, white, boiled": "IND0041",
  "egg, poultry, yolk, boiled": "IND0042",
  "egg, country hen, omlet": "IND0043",
  "egg, duck, whole, boiled": "IND0044",
  "egg, duck, whole, raw": "IND0045",
  "egg, duck, whole, omlet": "IND0046",
  "egg, quial, whole, raw": "IND0047",
  "egg, quial, whole, boiled": "IND0048",
  "egg, country hen, whole, raw": "IND0049",
  "egg, country hen, whole, boiled": "IND0050",
  "eggs, cat fish": "IND0051",
  "milk, whole, buffalo": "IND0052",
  "milk, whole, cow": "IND0053",
  "milk fish": "IND0054",
  "paneer": "IND0055",
  "khoa": "IND0056",
  "cucumber, orange, round": "IND0057",
  "cucumber, green, elongate": "IND0058",
  "cucumber, green, short": "IND0059",
  "curry leaves": "IND0060",
  "ash gourd": "IND0061",
  "bamboo shoot, tender": "IND0062",
  "bean scarlet, tender": "IND0063",
  "bitter gourd, jagged, teeth ridges, elongate": "IND0064",
  "bitter gourd, jagged, teeth ridges, short": "IND0065",
  "bitter gourd, jagged, smooth ridges, elongate": "IND0066",
  "bottle gourd, elongate, pale green": "IND0067",
  "bottle gourd, round, pale green": "IND0068",
  "bottle gourd, elongate, dark green": "IND0069",
  "brinjal-1": "IND0070",
  "brinjal-2": "IND0071",
  "brinjal-3": "IND0072",
  "brinjal-4": "IND0073",
  "brinjal-5": "IND0074",
  "brinjal-6": "IND0075",
  "brinjal-7": "IND0076",
  "brinjal-8": "IND0077",
  "brinjal-9": "IND0078",
  "brinjal-10": "IND0079",
  "brinjal-11": "IND0080",
  "brinjal-12": "IND0081",
  "brinjal-13": "IND0082",
  "brinjal-14": "IND0083",
  "brinjal-15": "IND0084",
  "brinjal-16": "IND0085",
  "brinjal-17": "IND0086",
  "brinjal-18": "IND0087",
  "brinjal-19": "IND0088",
  "brinjal-20": "IND0089",
  "brinjal-21": "IND0090",
  "brinjal - all varieties": "IND0091",
  "broad beans": "IND0092",
  "capsicum, green": "IND0093",
  "capsicum, red": "IND0094",
  "capsicum, yellow": "IND0095",
  "cauliflower": "IND0096",
  "celery stalk": "IND0097",
  "cho-cho-marrow": "IND0098",
  "cluster beans": "IND0099",
  "colocasia, stem, black": "IND0100",
  "colocasia, stem, green": "IND0101",
  "corn, baby": "IND0102",
  "drumstick": "IND0103",
  "field beans, tender, broad": "IND0104",
  "field beans, tender, lean": "IND0105",
  "french beans, country": "IND0106",
  "french beans, hybrid": "IND0107",
  "jack fruit, raw": "IND0108",
  "jack fruit, seed, mature": "IND0109",
  "knol - khol": "IND0110",
  "kovai, big": "IND0111",
  "kovai, small": "IND0112",
  "ladies finger": "IND0113",
  "mango, green, raw": "IND0114",
  "onion, stalk": "IND0115",
  "papaya, raw": "IND0116",
  "parwar": "IND0117",
  "peas, fresh": "IND0118",
  "plantain, flower": "IND0119",
  "plantain, green": "IND0120",
  "plantain, stem": "IND0121",
  "pumpkin, green, cylindrical": "IND0122",
  "pumpkin, orange, round": "IND0123",
  "red gram, tender, fresh": "IND0124",
  "ridge gourd": "IND0125",
  "ridge gourd, smooth skin": "IND0126",
  "snake gourd, long, pale green": "IND0127",
  "snake gourd, long, dark green": "IND0128",
  "snake gourd, short": "IND0129",
  "tinda, tender": "IND0130",
  "tomato, green": "IND0131",
  "tomato, ripe, hybrid": "IND0132",
  "tomato, ripe, local": "IND0133",
  "zucchini, green": "IND0134",
  "zucchini, yellow": "IND0135",
  "agathi leaves": "IND0136",
  "amaranth leaves, green": "IND0137",
  "amaranth leaves, red mix": "IND0138",
  "amaranth leaves, red and green mix": "IND0139",
  "amaranth spinosus, leaves, green mix": "IND0140",
  "amaranth spinosus, leaves, red and green mix": "IND0141",
  "basella leaves": "IND0142",
  "bathua leaves": "IND0143",
  "beet greens": "IND0144",
  "betel leaves, big (kolkata)": "IND0145",
  "betel leaves, small": "IND0146",
  "brussels sprouts": "IND0147",
  "cabbage, chinese": "IND0148",
  "cabbage, collard greens": "IND0149",
  "cabbage, green": "IND0150",
  "cabbage, violet": "IND0151",
  "cauliflower leaves": "IND0152",
  "colocasia leaves, green": "IND0153",
  "drumstick leaves": "IND0154",
  "fenugreek leaves": "IND0155",
  "garden cress": "IND0156",
  "gogu leaves, green": "IND0157",
  "gogu leaves, red": "IND0158",
  "knol-khol, leaves": "IND0159",
  "lettuce": "GEN0466",
  "mustard leaves": "IND0161",
  "pak choi leaves": "IND0162",
  "parsley": "IND0163",
  "ponnaganni": "IND0164",
  "pumpkin leaves, tender": "IND0165",
  "radish leaves": "IND0166",
  "rumex leaves": "IND0167",
  "spinach": "GEN0465",
  "tamarind leaves, tender": "IND0169",
  "avocado fruit": "IND0170",
  "bael fruit": "IND0171",
  "karonda fruit": "IND0172",
  "star fruit": "IND0173",
  "jack fruit, ripe": "IND0174",
  "jambu fruit, ripe": "IND0175",
  "palm fruit, tender": "IND0176",
  "apple, big": "IND0177",
  "apple, green": "IND0178",
  "apple, small": "IND0179",
  "apple, small, kashmir": "IND0180",
  "apricot, dried": "IND0181",
  "apricot, processed": "IND0182",
  "banana, ripe, montham": "IND0183",
  "banana, ripe, poovam": "IND0184",
  "banana, ripe, red": "IND0185",
  "banana, ripe, robusta": "IND0186",
  "black berry": "IND0187",
  "cherries, red": "IND0188",
  "currants, black": "IND0189",
  "custard apple": "IND0190",
  "dates, dry, pale brown": "IND0191",
  "dates, dry, dark brown": "IND0192",
  "dates, processed": "IND0193",
  "fig": "IND0194",
  "goosberry": "IND0195",
  "grapes, seeded, round, black": "IND0196",
  "grapes, seeded, round, green": "IND0197",
  "grapes, seeded, round, red": "IND0198",
  "grapes, seedless, oval, black": "IND0199",
  "grapes, seedless, round, green": "IND0200",
  "grapes, seedless, round, black": "IND0201",
  "guava, white flesh": "IND0202",
  "guava, pink flesh": "IND0203",
  "lemon, juice": "IND0204",
  "lime, sweet, pulp": "IND0205",
  "litchi": "IND0206",
  "mango, ripe, banganapalli": "IND0207",
  "mango, ripe, gulabkhas": "IND0208",
  "mango, ripe, himsagar": "IND0209",
  "mango, ripe, kesar": "IND0210",
  "mango, ripe, neelam": "IND0211",
  "mango, ripe, paheri": "IND0212",
  "mango, ripe, totapari": "IND0213",
  "mangosteen": "IND0214",
  "manila tamarind": "IND0215",
  "musk melon, orange flesh": "IND0216",
  "musk melon, yellow flesh": "IND0217",
  "orange, pulp": "IND0218",
  "papaya, ripe": "IND0219",
  "peach": "IND0220",
  "pear": "IND0221",
  "phalsa": "IND0222",
  "pineapple": "IND0223",
  "plum": "IND0224",
  "pomegranate, maroon seeds": "IND0225",
  "pummelo": "IND0226",
  "raisins, dried, black": "IND0227",
  "raisins, dried, golden": "IND0228",
  "rambutan": "IND0229",
  "sapota": "IND0230",
  "soursop": "IND0231",
  "strawberry": "GEN0471",
  "tamarind, pulp": "IND0233",
  "water melon, dark green (sugar baby)": "IND0234",
  "water melon, pale green": "IND0235",
  "wood apple": "IND0236",
  "zizyphus": "IND0237",
  "mango ginger": "IND0238",
  "kalava": "IND0239",
  "tiger prawns, orange": "IND0240",
  "carrot, orange": "IND0241",
  "coconut, kernal, dry": "IND0242",
  "coconut, kernel, fresh": "IND0243",
  "coconut water": "IND0244",
  "coconut oil": "IND0245",
  "potato, red skin": "IND0246",
  "potato, brown skin, big": "IND0247",
  "potato, brown skin, small": "IND0248",
  "sweet potato, brown skin": "IND0249",
  "sweet potato, pink skin": "IND0250",
  "onion, big": "IND0251",
  "onion, small": "IND0252",
  "garlic, big clove": "IND0253",
  "garlic, small clove": "IND0254",
  "garlic, single clove, kashmir": "IND0255",
  "ginger, fresh": "IND0256",
  "chillies, red": "IND0257",
  "chillies, green-1": "IND0258",
  "chillies, green-2": "IND0259",
  "chillies, green-3": "IND0260",
  "chillies, green-4": "IND0261",
  "chillies, green-5": "IND0262",
  "chillies, green-6": "IND0263",
  "chillies, green-7": "IND0264",
  "chillies, green - all varieties": "IND0265",
  "coriander leaves": "IND0266",
  "mint leaves": "IND0267",
  "asafoetida": "IND0268",
  "cardamom, green": "IND0269",
  "cardamom, black": "IND0270",
  "cloves": "IND0271",
  "coriander seeds": "IND0272",
  "cumin seeds": "IND0273",
  "fenugreek seeds": "IND0274",
  "mace": "IND0275",
  "nutmeg": "IND0276",
  "omum": "IND0277",
  "pippali": "IND0278",
  "pepper, black": "IND0279",
  "poppy seeds": "IND0280",
  "turmeric powder": "IND0281",
  "ghee": "IND0282",
  "corn oil": "IND0283",
  "gingelly oil": "IND0284",
  "groundnut oil": "IND0285",
  "mustard oil": "IND0286",
  "palm oil": "IND0287",
  "safflower oil": "IND0288",
  "soyabean oil": "IND0289",
  "sunflower oil": "IND0290",
  "cotton seed oil": "IND0291",
  "safflower oil (blended)": "IND0292",
  "almond": "IND0293",
  "arecanut, dried, brown": "IND0294",
  "arecanut, dried, red color": "IND0295",
  "arecanut, fresh": "IND0296",
  "cashew nut": "IND0297",
  "garden cress, seeds": "IND0298",
  "gingelly seeds, black": "IND0299",
  "gingelly seeds, brown": "IND0300",
  "gingelly seeds, white": "IND0301",
  "ground nut": "IND0302",
  "mustard seeds": "IND0303",
  "linseeds": "IND0304",
  "niger seeds, black": "IND0305",
  "niger seeds, gray": "IND0306",
  "pine seed": "IND0307",
  "pistachio nuts": "IND0308",
  "safflower seeds": "IND0309",
  "sunflower seeds": "IND0310",
  "walnut": "IND0311",
  "vanaspati": "IND0312",
  "sardine": "IND0313",
  "gold fish": "IND0314",
  "moon fish": "IND0315",
  "silk fish": "IND0316",
  "queen fish": "IND0317",
  "raai fish": "IND0318",
  "parrot fish": "IND0319",
  "myil meen": "IND0320",
  "xiphinis": "IND0321",
  "kannadi paarai": "IND0322",
  "maagaa": "IND0323",
  "tarlava": "IND0324",
  "salmon": "HPR0502",
  "sangada": "IND0326",
  "pomfret, snub nose": "IND0327",
  "ari fish": "IND0328",
  "cat fish": "IND0348",
  "guitar fish": "IND0330",
  "kite fish": "IND0331",
  "sole fish": "IND0332",
  "matha": "IND0333",
  "paarai": "IND0334",
  "silver carp": "IND0335",
  "tilapia": "HPR0503",
  "tuna, striped": "IND0337",
  "kulam paarai": "IND0338",
  "pambada": "IND0339",
  "sadaya": "IND0340",
  "freshwater eel": "IND0341",
  "chakla": "IND0342",
  "chelu": "IND0343",
  "mural": "IND0344",
  "phopat": "IND0345",
  "jathi vela meen": "IND0346",
  "sankata paarai": "IND0347",
  "tuna": "HPR0501",
  "ray fish, bow head, spotted": "IND0350",
  "kalamaara": "IND0351",
  "gobro": "IND0352",
  "mullet": "IND0353",
  "narba": "IND0354",
  "raai vanthu": "IND0355",
  "karimeen": "IND0356",
  "kiriyan": "IND0357",
  "vanjaram": "IND0358",
  "pulli paarai": "IND0359",
  "korka": "IND0360",
  "red snapper, small": "IND0361",
  "nalla bontha": "IND0362",
  "rohu": "IND0363",
  "catla": "IND0364",
  "allathi": "IND0365",
  "aluva": "IND0366",
  "anchovy": "IND0367",
  "betki": "IND0368",
  "black snapper": "IND0369",
  "bombay duck": "IND0370",
  "bommuralu": "IND0371",
  "chappal": "IND0372",
  "chembali": "IND0373",
  "eri meen": "IND0374",
  "hilsa": "IND0375",
  "jallal": "IND0376",
  "kadal bral": "IND0377",
  "kadali": "IND0378",
  "kanamayya": "IND0379",
  "karnagawala": "IND0380",
  "kayrai": "IND0381",
  "mackerel": "IND0382",
  "manda clathi": "IND0383",
  "padayappa": "IND0384",
  "pali kora": "IND0385",
  "pandukopa": "IND0386",
  "parava": "IND0387",
  "parcus": "IND0388",
  "perinkilichai": "IND0389",
  "piranha": "IND0390",
  "pomfret, black": "IND0391",
  "pomfret, white": "IND0392",
  "pranel": "IND0393",
  "rani": "IND0394",
  "red snapper": "IND0395",
  "shark": "IND0396",
  "shark, hammer head": "IND0397",
  "shark, spotted": "IND0398",
  "shelavu": "IND0399",
  "silan": "IND0400",
  "stingray": "IND0401",
  "tholam": "IND0402",
  "valava": "IND0403",
  "vela meen": "IND0404",
  "vora": "IND0405",
  "whale shark": "IND0406",
  "pangas": "IND0407",
  "crab": "IND0408",
  "prawns, big": "IND0409",
  "prawns, small": "IND0410",
  "tiger prawns": "IND0411",
  "tiger prawns, brown": "IND0412",
  "goat, chops": "IND0413",
  "goat, legs": "IND0414",
  "goat, brain": "IND0415",
  "goat, tongue": "IND0416",
  "goat, lungs": "IND0417",
  "goat, heart": "IND0418",
  "goat, liver": "IND0419",
  "goat, tripe": "IND0420",
  "goat, spleen": "IND0421",
  "goat, kidneys": "IND0422",
  "goat, testis": "IND0423",
  "goat, shoulder, meat": "IND0424",
  "goat, tube (small intestine)": "IND0425",
  "beef, shoulder": "IND0426",
  "beef, chops": "IND0427",
  "beef, brain": "IND0428",
  "beef, tongue": "IND0429",
  "beef, lungs": "IND0430",
  "beef, heart": "IND0431",
  "beef, liver": "IND0432",
  "beef, tripe": "IND0433",
  "beef, spleen": "IND0434",
  "beef, kidneys": "IND0435",
  "beef, round (leg)": "IND0436",
  "pork, shoulder": "IND0437",
  "pork, chops": "IND0438",
  "pork, ham": "IND0439",
  "pork, lungs": "IND0440",
  "pork, heart": "IND0441",
  "pork, liver": "IND0442",
  "pork, stomach": "IND0443",
  "pork, spleen": "IND0444",
  "pork, kidneys": "IND0445",
  "pork, tube (small intestine)": "IND0446",
  "field bean, brown": "IND0447",
  "field bean, white": "IND0448",
  "horse gram, whole": "IND0449",
  "amaranth seed, black": "IND0450",
  "amaranth seed, pale brown": "IND0451",
  "jaggery, cane": "IND0452",
  "sugarcane, juice": "IND0453",
  "water chestnut": "IND0454",
  "tapioca": "IND0455",
  "beet root": "IND0456",
  "rice": "GEN0457",
  "bread": "GEN0458",
  "pasta": "GEN0459",
  "potato": "GEN0460",
  "tomato": "GEN0461",
  "onion": "GEN0462",
  "carrot": "GEN0463",
  "broccoli": "GEN0464",
  "apple": "GEN0467",
  "banana": "GEN0468",
  "orange": "GEN0469",
  "grape": "GEN0470",
  "milk": "GEN0472",
  "cheese": "GEN0473",
  "yogurt": "GEN0474",
  "butter": "GEN0475",
  "egg": "GEN0476",
  "chicken": "GEN0477",
  "beef": "GEN0478",
  "pork": "GEN0479",
  "fish": "GEN0480",
  "shrimp": "HPR0504",
  "beans": "GEN0482",
  "lentils": "HPR0512",
  "tofu": "HPR0509",
  "nuts": "GEN0485",
  "seeds": "GEN0486",
  "olive oil": "GEN0487",
  "sugar": "GEN0488",
  "salt": "GEN0489",
  "pepper": "GEN0490",
  "garlic": "GEN0491",
  "ginger": "GEN0492",
  "corn": "GEN0493",
  "peas": "GEN0494",
  "mushroom": "GEN0495",
  "avocado": "GEN0496",
  "chicken breast": "HPR0497",
  "turkey breast": "HPR0498",
  "lean beef": "HPR0499",
  "pork loin": "HPR0500",
  "egg whites": "HPR0505",
  "greek yogurt": "HPR0506",
  "cottage cheese": "HPR0507",
  "whey protein": "HPR0508",
  "tempeh": "HPR0510",
  "seitan": "HPR0511",
  "chickpeas": "HPR0513",
  "black beans": "HPR0514",
  "kidney beans": "HPR0515",
  "quinoa": "HPR0516",
  "peanut butter": "HPR0517",
  "almonds": "HPR0518",
  "pumpkin seeds": "HPR0519",
  "chia seeds": "HPR0520",
  "hemp seeds": "HPR0521",
  "edamame": "HPR0522",
  "green peas": "HPR0523",
  "spirulina": "HPR0524",
  "nutritional yeast": "HPR0525",
  "protein powder": "HPR0526"
}